{
  "gizmos-infos": {
    "is2D": false,
    "is3DIcon": false,
    "iconSize": 2,
    "gridVisible": true,
    "gridColor": [
      150,
      150,
      150,
      255
    ],
    "isIconGizmo3D": false,
    "iconGizmoSize": 2,
    "isGridVisible": true
  },
  "float-window": {
    "position": {
      "cc": {
        "Camera": {
          "dock": false,
          "top": null,
          "bottom": 10,
          "left": null,
          "right": 10
        }
      }
    }
  },
  "camera-infos": {
    "f46876e4-e81b-4931-b493-6d367be385e7": {
      "position": {
        "x": 5.870596204644527,
        "y": 6.3894455336828955,
        "z": 8.17235573372866
      },
      "rotation": {
        "x": -0.28854732193777466,
        "y": 0.2702800106082564,
        "z": 0.08527455136296538,
        "w": 0.914558587384091
      },
      "viewCenter": {
        "x": 0.5742054654757562,
        "y": -0.4384188062296479,
        "z": -0.005838987496751713
      }
    },
    "a81941e8-7263-46ef-83db-06d31c197e79": {
      "position": {
        "x": 0.5257799049441956,
        "y": 19.270687736179724,
        "z": 29.011756614273438
      },
      "rotation": {
        "x": -0.28893017324221154,
        "y": 0.0086739252821835,
        "z": 0.002617925025137632,
        "w": 0.9573072988748114
      },
      "viewCenter": {
        "x": 0,
        "y": 0,
        "z": 0
      }
    },
    "7c019189-3036-4f26-be31-6c929914d570": {
      "position": {
        "x": -0.010903416870617022,
        "y": 34.662806920904664,
        "z": 14.190740497685141
      },
      "rotation": {
        "x": -0.5413160844345951,
        "y": 0.0006274054888628172,
        "z": 0.00040392134672199726,
        "w": 0.8408188508485617
      },
      "viewCenter": {
        "x": -0.03349441810528852,
        "y": 1.3744824443907042,
        "z": -0.9469411600616979
      }
    }
  },
  "camera-uuids": [
    "a81941e8-7263-46ef-83db-06d31c197e79"
  ]
}
